{"frames": [

{
	"filename": "sailing-left-0.png",
	"frame": {"x":0,"y":67,"w":114,"h":67},
	"rotated": false,
	"trimmed": false,
	"spriteSourceSize": {"x":0,"y":0,"w":114,"h":67},
	"sourceSize": {"w":114,"h":67}
},
{
	"filename": "sailing-left-1.png",
	"frame": {"x":229,"y":338,"w":120,"h":77},
	"rotated": false,
	"trimmed": false,
	"spriteSourceSize": {"x":0,"y":0,"w":120,"h":77},
	"sourceSize": {"w":120,"h":77}
},
{
	"filename": "sailing-left-2.png",
	"frame": {"x":124,"y":662,"w":124,"h":87},
	"rotated": false,
	"trimmed": false,
	"spriteSourceSize": {"x":0,"y":0,"w":124,"h":87},
	"sourceSize": {"w":124,"h":87}
},
{
	"filename": "sailing-left-3.png",
	"frame": {"x":232,"y":838,"w":128,"h":95},
	"rotated": false,
	"trimmed": false,
	"spriteSourceSize": {"x":0,"y":0,"w":128,"h":95},
	"sourceSize": {"w":128,"h":95}
},
{
	"filename": "sailing-left-4.png",
	"frame": {"x":341,"y":575,"w":124,"h":87},
	"rotated": false,
	"trimmed": false,
	"spriteSourceSize": {"x":0,"y":0,"w":124,"h":87},
	"sourceSize": {"w":124,"h":87}
},
{
	"filename": "sailing-left-5.png",
	"frame": {"x":349,"y":338,"w":120,"h":77},
	"rotated": false,
	"trimmed": false,
	"spriteSourceSize": {"x":0,"y":0,"w":120,"h":77},
	"sourceSize": {"w":120,"h":77}
},
{
	"filename": "sailing-left-6.png",
	"frame": {"x":228,"y":134,"w":114,"h":67},
	"rotated": false,
	"trimmed": false,
	"spriteSourceSize": {"x":0,"y":0,"w":114,"h":67},
	"sourceSize": {"w":114,"h":67}
},
{
	"filename": "sailing-left-7.png",
	"frame": {"x":120,"y":415,"w":120,"h":77},
	"rotated": false,
	"trimmed": false,
	"spriteSourceSize": {"x":0,"y":0,"w":120,"h":77},
	"sourceSize": {"w":120,"h":77}
},
{
	"filename": "sailing-left-8.png",
	"frame": {"x":0,"y":662,"w":124,"h":87},
	"rotated": false,
	"trimmed": false,
	"spriteSourceSize": {"x":0,"y":0,"w":124,"h":87},
	"sourceSize": {"w":124,"h":87}
},
{
	"filename": "sailing-left-9.png",
	"frame": {"x":360,"y":838,"w":128,"h":95},
	"rotated": false,
	"trimmed": false,
	"spriteSourceSize": {"x":0,"y":0,"w":128,"h":95},
	"sourceSize": {"w":128,"h":95}
},
{
	"filename": "sailing-left-10.png",
	"frame": {"x":248,"y":662,"w":124,"h":87},
	"rotated": false,
	"trimmed": false,
	"spriteSourceSize": {"x":0,"y":0,"w":124,"h":87},
	"sourceSize": {"w":124,"h":87}
},
{
	"filename": "sailing-left-11.png",
	"frame": {"x":0,"y":415,"w":120,"h":77},
	"rotated": false,
	"trimmed": false,
	"spriteSourceSize": {"x":0,"y":0,"w":120,"h":77},
	"sourceSize": {"w":120,"h":77}
},
{
	"filename": "sailing-right-0.png",
	"frame": {"x":0,"y":270,"w":115,"h":68},
	"rotated": false,
	"trimmed": false,
	"spriteSourceSize": {"x":0,"y":0,"w":115,"h":68},
	"sourceSize": {"w":115,"h":68}
},
{
	"filename": "sailing-right-1.png",
	"frame": {"x":240,"y":415,"w":121,"h":78},
	"rotated": false,
	"trimmed": false,
	"spriteSourceSize": {"x":0,"y":0,"w":121,"h":78},
	"sourceSize": {"w":121,"h":78}
},
{
	"filename": "sailing-right-2.png",
	"frame": {"x":0,"y":838,"w":125,"h":88},
	"rotated": false,
	"trimmed": false,
	"spriteSourceSize": {"x":0,"y":0,"w":125,"h":88},
	"sourceSize": {"w":125,"h":88}
},
{
	"filename": "sailing-right-3.png",
	"frame": {"x":228,"y":933,"w":128,"h":96},
	"rotated": false,
	"trimmed": false,
	"spriteSourceSize": {"x":0,"y":0,"w":128,"h":96},
	"sourceSize": {"w":128,"h":96}
},
{
	"filename": "sailing-right-4.png",
	"frame": {"x":127,"y":750,"w":125,"h":88},
	"rotated": false,
	"trimmed": false,
	"spriteSourceSize": {"x":0,"y":0,"w":125,"h":88},
	"sourceSize": {"w":125,"h":88}
},
{
	"filename": "sailing-right-5.png",
	"frame": {"x":361,"y":415,"w":121,"h":78},
	"rotated": false,
	"trimmed": false,
	"spriteSourceSize": {"x":0,"y":0,"w":121,"h":78},
	"sourceSize": {"w":121,"h":78}
},
{
	"filename": "sailing-right-6.png",
	"frame": {"x":115,"y":202,"w":115,"h":68},
	"rotated": false,
	"trimmed": false,
	"spriteSourceSize": {"x":0,"y":0,"w":115,"h":68},
	"sourceSize": {"w":115,"h":68}
},
{
	"filename": "sailing-right-7.png",
	"frame": {"x":0,"y":493,"w":121,"h":78},
	"rotated": false,
	"trimmed": false,
	"spriteSourceSize": {"x":0,"y":0,"w":121,"h":78},
	"sourceSize": {"w":121,"h":78}
},
{
	"filename": "sailing-right-8.png",
	"frame": {"x":372,"y":662,"w":125,"h":88},
	"rotated": false,
	"trimmed": false,
	"spriteSourceSize": {"x":0,"y":0,"w":125,"h":88},
	"sourceSize": {"w":125,"h":88}
},
{
	"filename": "sailing-right-9.png",
	"frame": {"x":100,"y":933,"w":128,"h":96},
	"rotated": false,
	"trimmed": false,
	"spriteSourceSize": {"x":0,"y":0,"w":128,"h":96},
	"sourceSize": {"w":128,"h":96}
},
{
	"filename": "sailing-right-10.png",
	"frame": {"x":252,"y":750,"w":125,"h":88},
	"rotated": false,
	"trimmed": false,
	"spriteSourceSize": {"x":0,"y":0,"w":125,"h":88},
	"sourceSize": {"w":125,"h":88}
},
{
	"filename": "sailing-right-11.png",
	"frame": {"x":121,"y":493,"w":121,"h":78},
	"rotated": false,
	"trimmed": false,
	"spriteSourceSize": {"x":0,"y":0,"w":121,"h":78},
	"sourceSize": {"w":121,"h":78}
},
{
	"filename": "shooting-left-0.png",
	"frame": {"x":0,"y":134,"w":114,"h":67},
	"rotated": false,
	"trimmed": false,
	"spriteSourceSize": {"x":0,"y":0,"w":114,"h":67},
	"sourceSize": {"w":114,"h":67}
},
{
	"filename": "shooting-left-1.png",
	"frame": {"x":302,"y":0,"w":114,"h":67},
	"rotated": false,
	"trimmed": false,
	"spriteSourceSize": {"x":0,"y":0,"w":114,"h":67},
	"sourceSize": {"w":114,"h":67}
},
{
	"filename": "shooting-left-2.png",
	"frame": {"x":188,"y":0,"w":114,"h":67},
	"rotated": false,
	"trimmed": false,
	"spriteSourceSize": {"x":0,"y":0,"w":114,"h":67},
	"sourceSize": {"w":114,"h":67}
},
{
	"filename": "shooting-left-3.png",
	"frame": {"x":115,"y":338,"w":114,"h":75},
	"rotated": false,
	"trimmed": false,
	"spriteSourceSize": {"x":0,"y":0,"w":114,"h":75},
	"sourceSize": {"w":114,"h":75}
},
{
	"filename": "shooting-left-4.png",
	"frame": {"x":114,"y":134,"w":114,"h":67},
	"rotated": false,
	"trimmed": false,
	"spriteSourceSize": {"x":0,"y":0,"w":114,"h":67},
	"sourceSize": {"w":114,"h":67}
},
{
	"filename": "shooting-left-5.png",
	"frame": {"x":114,"y":67,"w":114,"h":67},
	"rotated": false,
	"trimmed": false,
	"spriteSourceSize": {"x":0,"y":0,"w":114,"h":67},
	"sourceSize": {"w":114,"h":67}
},
{
	"filename": "shooting-left-6.png",
	"frame": {"x":228,"y":67,"w":114,"h":67},
	"rotated": false,
	"trimmed": false,
	"spriteSourceSize": {"x":0,"y":0,"w":114,"h":67},
	"sourceSize": {"w":114,"h":67}
},
{
	"filename": "shooting-left-7.png",
	"frame": {"x":342,"y":67,"w":114,"h":67},
	"rotated": false,
	"trimmed": false,
	"spriteSourceSize": {"x":0,"y":0,"w":114,"h":67},
	"sourceSize": {"w":114,"h":67}
},
{
	"filename": "shooting-right-0.png",
	"frame": {"x":0,"y":202,"w":115,"h":68},
	"rotated": false,
	"trimmed": false,
	"spriteSourceSize": {"x":0,"y":0,"w":115,"h":68},
	"sourceSize": {"w":115,"h":68}
},
{
	"filename": "shooting-right-1.png",
	"frame": {"x":345,"y":202,"w":115,"h":68},
	"rotated": false,
	"trimmed": false,
	"spriteSourceSize": {"x":0,"y":0,"w":115,"h":68},
	"sourceSize": {"w":115,"h":68}
},
{
	"filename": "shooting-right-2.png",
	"frame": {"x":342,"y":134,"w":115,"h":68},
	"rotated": false,
	"trimmed": false,
	"spriteSourceSize": {"x":0,"y":0,"w":115,"h":68},
	"sourceSize": {"w":115,"h":68}
},
{
	"filename": "shooting-right-3.png",
	"frame": {"x":0,"y":338,"w":115,"h":75},
	"rotated": false,
	"trimmed": false,
	"spriteSourceSize": {"x":0,"y":0,"w":115,"h":75},
	"sourceSize": {"w":115,"h":75}
},
{
	"filename": "shooting-right-4.png",
	"frame": {"x":230,"y":202,"w":115,"h":68},
	"rotated": false,
	"trimmed": false,
	"spriteSourceSize": {"x":0,"y":0,"w":115,"h":68},
	"sourceSize": {"w":115,"h":68}
},
{
	"filename": "shooting-right-5.png",
	"frame": {"x":230,"y":270,"w":115,"h":68},
	"rotated": false,
	"trimmed": false,
	"spriteSourceSize": {"x":0,"y":0,"w":115,"h":68},
	"sourceSize": {"w":115,"h":68}
},
{
	"filename": "shooting-right-6.png",
	"frame": {"x":345,"y":270,"w":115,"h":68},
	"rotated": false,
	"trimmed": false,
	"spriteSourceSize": {"x":0,"y":0,"w":115,"h":68},
	"sourceSize": {"w":115,"h":68}
},
{
	"filename": "shooting-right-7.png",
	"frame": {"x":115,"y":270,"w":115,"h":68},
	"rotated": false,
	"trimmed": false,
	"spriteSourceSize": {"x":0,"y":0,"w":115,"h":68},
	"sourceSize": {"w":115,"h":68}
},
{
	"filename": "sinking-left-0.png",
	"frame": {"x":123,"y":575,"w":124,"h":87},
	"rotated": false,
	"trimmed": false,
	"spriteSourceSize": {"x":0,"y":0,"w":124,"h":87},
	"sourceSize": {"w":124,"h":87}
},
{
	"filename": "sinking-left-1.png",
	"frame": {"x":356,"y":933,"w":138,"h":109},
	"rotated": false,
	"trimmed": false,
	"spriteSourceSize": {"x":0,"y":0,"w":138,"h":109},
	"sourceSize": {"w":138,"h":109}
},
{
	"filename": "sinking-left-2.png",
	"frame": {"x":141,"y":1042,"w":156,"h":133},
	"rotated": false,
	"trimmed": false,
	"spriteSourceSize": {"x":0,"y":0,"w":156,"h":133},
	"sourceSize": {"w":156,"h":133}
},
{
	"filename": "sinking-left-3.png",
	"frame": {"x":0,"y":1176,"w":178,"h":159},
	"rotated": false,
	"trimmed": false,
	"spriteSourceSize": {"x":0,"y":0,"w":178,"h":159},
	"sourceSize": {"w":178,"h":159}
},
{
	"filename": "sinking-left-4.png",
	"frame": {"x":0,"y":933,"w":100,"h":95},
	"rotated": false,
	"trimmed": false,
	"spriteSourceSize": {"x":0,"y":0,"w":100,"h":95},
	"sourceSize": {"w":100,"h":95}
},
{
	"filename": "sinking-left-5.png",
	"frame": {"x":247,"y":575,"w":94,"h":87},
	"rotated": false,
	"trimmed": false,
	"spriteSourceSize": {"x":0,"y":0,"w":94,"h":87},
	"sourceSize": {"w":94,"h":87}
},
{
	"filename": "sinking-left-6.png",
	"frame": {"x":336,"y":493,"w":94,"h":82},
	"rotated": false,
	"trimmed": false,
	"spriteSourceSize": {"x":0,"y":0,"w":94,"h":82},
	"sourceSize": {"w":94,"h":82}
},
{
	"filename": "sinking-left-7.png",
	"frame": {"x":94,"y":0,"w":94,"h":56},
	"rotated": false,
	"trimmed": false,
	"spriteSourceSize": {"x":0,"y":0,"w":94,"h":56},
	"sourceSize": {"w":94,"h":56}
},
{
	"filename": "sinking-right-0.png",
	"frame": {"x":0,"y":750,"w":127,"h":88},
	"rotated": false,
	"trimmed": false,
	"spriteSourceSize": {"x":0,"y":0,"w":127,"h":88},
	"sourceSize": {"w":127,"h":88}
},
{
	"filename": "sinking-right-1.png",
	"frame": {"x":0,"y":1042,"w":141,"h":110},
	"rotated": false,
	"trimmed": false,
	"spriteSourceSize": {"x":0,"y":0,"w":141,"h":110},
	"sourceSize": {"w":141,"h":110}
},
{
	"filename": "sinking-right-2.png",
	"frame": {"x":297,"y":1042,"w":159,"h":134},
	"rotated": false,
	"trimmed": false,
	"spriteSourceSize": {"x":0,"y":0,"w":159,"h":134},
	"sourceSize": {"w":159,"h":134}
},
{
	"filename": "sinking-right-3.png",
	"frame": {"x":178,"y":1176,"w":181,"h":160},
	"rotated": false,
	"trimmed": false,
	"spriteSourceSize": {"x":0,"y":0,"w":181,"h":160},
	"sourceSize": {"w":181,"h":160}
},
{
	"filename": "sinking-right-4.png",
	"frame": {"x":125,"y":838,"w":107,"h":90},
	"rotated": false,
	"trimmed": false,
	"spriteSourceSize": {"x":0,"y":0,"w":107,"h":90},
	"sourceSize": {"w":107,"h":90}
},
{
	"filename": "sinking-right-5.png",
	"frame": {"x":0,"y":575,"w":123,"h":83},
	"rotated": false,
	"trimmed": false,
	"spriteSourceSize": {"x":0,"y":0,"w":123,"h":83},
	"sourceSize": {"w":123,"h":83}
},
{
	"filename": "sinking-right-6.png",
	"frame": {"x":242,"y":493,"w":94,"h":82},
	"rotated": false,
	"trimmed": false,
	"spriteSourceSize": {"x":0,"y":0,"w":94,"h":82},
	"sourceSize": {"w":94,"h":82}
},
{
	"filename": "sinking-right-7.png",
	"frame": {"x":0,"y":0,"w":94,"h":56},
	"rotated": false,
	"trimmed": false,
	"spriteSourceSize": {"x":0,"y":0,"w":94,"h":56},
	"sourceSize": {"w":94,"h":56}
}],
"meta": {
	"app": "http://www.codeandweb.com/texturepacker",
	"version": "1.0",
	"image": "greenEnemy.png",
	"format": "RGBA8888",
	"size": {"w":497,"h":1336},
	"scale": "1",
	"smartupdate": "$TexturePacker:SmartUpdate:490957a4694412bdeb31501e4746318d:8d9fda7111adf7ba014d5260e2dabdc0:a09c8198c902638a56d7672282458828$"
}
}
