{"frames": [

{
	"filename": "sailing-left-0.png",
	"frame": {"x":228,"y":76,"w":114,"h":67},
	"rotated": false,
	"trimmed": false,
	"spriteSourceSize": {"x":0,"y":0,"w":114,"h":67},
	"sourceSize": {"w":114,"h":67}
},
{
	"filename": "sailing-left-1.png",
	"frame": {"x":120,"y":419,"w":120,"h":77},
	"rotated": false,
	"trimmed": false,
	"spriteSourceSize": {"x":0,"y":0,"w":120,"h":77},
	"sourceSize": {"w":120,"h":77}
},
{
	"filename": "sailing-left-2.png",
	"frame": {"x":116,"y":573,"w":124,"h":87},
	"rotated": false,
	"trimmed": false,
	"spriteSourceSize": {"x":0,"y":0,"w":124,"h":87},
	"sourceSize": {"w":124,"h":87}
},
{
	"filename": "sailing-left-3.png",
	"frame": {"x":0,"y":1034,"w":128,"h":95},
	"rotated": false,
	"trimmed": false,
	"spriteSourceSize": {"x":0,"y":0,"w":128,"h":95},
	"sourceSize": {"w":128,"h":95}
},
{
	"filename": "sailing-left-4.png",
	"frame": {"x":372,"y":747,"w":124,"h":87},
	"rotated": false,
	"trimmed": false,
	"spriteSourceSize": {"x":0,"y":0,"w":124,"h":87},
	"sourceSize": {"w":124,"h":87}
},
{
	"filename": "sailing-left-5.png",
	"frame": {"x":240,"y":419,"w":120,"h":77},
	"rotated": false,
	"trimmed": false,
	"spriteSourceSize": {"x":0,"y":0,"w":120,"h":77},
	"sourceSize": {"w":120,"h":77}
},
{
	"filename": "sailing-left-6.png",
	"frame": {"x":0,"y":344,"w":114,"h":67},
	"rotated": false,
	"trimmed": false,
	"spriteSourceSize": {"x":0,"y":0,"w":114,"h":67},
	"sourceSize": {"w":114,"h":67}
},
{
	"filename": "sailing-left-7.png",
	"frame": {"x":0,"y":419,"w":120,"h":77},
	"rotated": false,
	"trimmed": false,
	"spriteSourceSize": {"x":0,"y":0,"w":120,"h":77},
	"sourceSize": {"w":120,"h":77}
},
{
	"filename": "sailing-left-8.png",
	"frame": {"x":248,"y":747,"w":124,"h":87},
	"rotated": false,
	"trimmed": false,
	"spriteSourceSize": {"x":0,"y":0,"w":124,"h":87},
	"sourceSize": {"w":124,"h":87}
},
{
	"filename": "sailing-left-9.png",
	"frame": {"x":116,"y":929,"w":128,"h":95},
	"rotated": false,
	"trimmed": false,
	"spriteSourceSize": {"x":0,"y":0,"w":128,"h":95},
	"sourceSize": {"w":128,"h":95}
},
{
	"filename": "sailing-left-10.png",
	"frame": {"x":248,"y":660,"w":124,"h":87},
	"rotated": false,
	"trimmed": false,
	"spriteSourceSize": {"x":0,"y":0,"w":124,"h":87},
	"sourceSize": {"w":124,"h":87}
},
{
	"filename": "sailing-left-11.png",
	"frame": {"x":360,"y":419,"w":120,"h":77},
	"rotated": false,
	"trimmed": false,
	"spriteSourceSize": {"x":0,"y":0,"w":120,"h":77},
	"sourceSize": {"w":120,"h":77}
},
{
	"filename": "sailing-right-0.png",
	"frame": {"x":114,"y":344,"w":114,"h":67},
	"rotated": false,
	"trimmed": false,
	"spriteSourceSize": {"x":0,"y":0,"w":114,"h":67},
	"sourceSize": {"w":114,"h":67}
},
{
	"filename": "sailing-right-1.png",
	"frame": {"x":0,"y":496,"w":120,"h":77},
	"rotated": false,
	"trimmed": false,
	"spriteSourceSize": {"x":0,"y":0,"w":120,"h":77},
	"sourceSize": {"w":120,"h":77}
},
{
	"filename": "sailing-right-2.png",
	"frame": {"x":124,"y":747,"w":124,"h":87},
	"rotated": false,
	"trimmed": false,
	"spriteSourceSize": {"x":0,"y":0,"w":124,"h":87},
	"sourceSize": {"w":124,"h":87}
},
{
	"filename": "sailing-right-3.png",
	"frame": {"x":244,"y":929,"w":128,"h":95},
	"rotated": false,
	"trimmed": false,
	"spriteSourceSize": {"x":0,"y":0,"w":128,"h":95},
	"sourceSize": {"w":128,"h":95}
},
{
	"filename": "sailing-right-4.png",
	"frame": {"x":0,"y":747,"w":124,"h":87},
	"rotated": false,
	"trimmed": false,
	"spriteSourceSize": {"x":0,"y":0,"w":124,"h":87},
	"sourceSize": {"w":124,"h":87}
},
{
	"filename": "sailing-right-5.png",
	"frame": {"x":120,"y":496,"w":120,"h":77},
	"rotated": false,
	"trimmed": false,
	"spriteSourceSize": {"x":0,"y":0,"w":120,"h":77},
	"sourceSize": {"w":120,"h":77}
},
{
	"filename": "sailing-right-6.png",
	"frame": {"x":114,"y":277,"w":114,"h":67},
	"rotated": false,
	"trimmed": false,
	"spriteSourceSize": {"x":0,"y":0,"w":114,"h":67},
	"sourceSize": {"w":114,"h":67}
},
{
	"filename": "sailing-right-7.png",
	"frame": {"x":360,"y":496,"w":120,"h":77},
	"rotated": false,
	"trimmed": false,
	"spriteSourceSize": {"x":0,"y":0,"w":120,"h":77},
	"sourceSize": {"w":120,"h":77}
},
{
	"filename": "sailing-right-8.png",
	"frame": {"x":240,"y":573,"w":124,"h":87},
	"rotated": false,
	"trimmed": false,
	"spriteSourceSize": {"x":0,"y":0,"w":124,"h":87},
	"sourceSize": {"w":124,"h":87}
},
{
	"filename": "sailing-right-9.png",
	"frame": {"x":372,"y":929,"w":128,"h":95},
	"rotated": false,
	"trimmed": false,
	"spriteSourceSize": {"x":0,"y":0,"w":128,"h":95},
	"sourceSize": {"w":128,"h":95}
},
{
	"filename": "sailing-right-10.png",
	"frame": {"x":372,"y":660,"w":124,"h":87},
	"rotated": false,
	"trimmed": false,
	"spriteSourceSize": {"x":0,"y":0,"w":124,"h":87},
	"sourceSize": {"w":124,"h":87}
},
{
	"filename": "sailing-right-11.png",
	"frame": {"x":240,"y":496,"w":120,"h":77},
	"rotated": false,
	"trimmed": false,
	"spriteSourceSize": {"x":0,"y":0,"w":120,"h":77},
	"sourceSize": {"w":120,"h":77}
},
{
	"filename": "shooting-left-0.png",
	"frame": {"x":114,"y":143,"w":114,"h":67},
	"rotated": false,
	"trimmed": false,
	"spriteSourceSize": {"x":0,"y":0,"w":114,"h":67},
	"sourceSize": {"w":114,"h":67}
},
{
	"filename": "shooting-left-1.png",
	"frame": {"x":342,"y":76,"w":114,"h":67},
	"rotated": false,
	"trimmed": false,
	"spriteSourceSize": {"x":0,"y":0,"w":114,"h":67},
	"sourceSize": {"w":114,"h":67}
},
{
	"filename": "shooting-left-2.png",
	"frame": {"x":228,"y":143,"w":114,"h":67},
	"rotated": false,
	"trimmed": false,
	"spriteSourceSize": {"x":0,"y":0,"w":114,"h":67},
	"sourceSize": {"w":114,"h":67}
},
{
	"filename": "shooting-left-3.png",
	"frame": {"x":228,"y":344,"w":114,"h":75},
	"rotated": false,
	"trimmed": false,
	"spriteSourceSize": {"x":0,"y":0,"w":114,"h":75},
	"sourceSize": {"w":114,"h":75}
},
{
	"filename": "shooting-left-4.png",
	"frame": {"x":342,"y":277,"w":114,"h":67},
	"rotated": false,
	"trimmed": false,
	"spriteSourceSize": {"x":0,"y":0,"w":114,"h":67},
	"sourceSize": {"w":114,"h":67}
},
{
	"filename": "shooting-left-5.png",
	"frame": {"x":114,"y":76,"w":114,"h":67},
	"rotated": false,
	"trimmed": false,
	"spriteSourceSize": {"x":0,"y":0,"w":114,"h":67},
	"sourceSize": {"w":114,"h":67}
},
{
	"filename": "shooting-left-6.png",
	"frame": {"x":0,"y":76,"w":114,"h":67},
	"rotated": false,
	"trimmed": false,
	"spriteSourceSize": {"x":0,"y":0,"w":114,"h":67},
	"sourceSize": {"w":114,"h":67}
},
{
	"filename": "shooting-left-7.png",
	"frame": {"x":0,"y":143,"w":114,"h":67},
	"rotated": false,
	"trimmed": false,
	"spriteSourceSize": {"x":0,"y":0,"w":114,"h":67},
	"sourceSize": {"w":114,"h":67}
},
{
	"filename": "shooting-right-0.png",
	"frame": {"x":228,"y":210,"w":114,"h":67},
	"rotated": false,
	"trimmed": false,
	"spriteSourceSize": {"x":0,"y":0,"w":114,"h":67},
	"sourceSize": {"w":114,"h":67}
},
{
	"filename": "shooting-right-1.png",
	"frame": {"x":342,"y":143,"w":114,"h":67},
	"rotated": false,
	"trimmed": false,
	"spriteSourceSize": {"x":0,"y":0,"w":114,"h":67},
	"sourceSize": {"w":114,"h":67}
},
{
	"filename": "shooting-right-2.png",
	"frame": {"x":0,"y":277,"w":114,"h":67},
	"rotated": false,
	"trimmed": false,
	"spriteSourceSize": {"x":0,"y":0,"w":114,"h":67},
	"sourceSize": {"w":114,"h":67}
},
{
	"filename": "shooting-right-3.png",
	"frame": {"x":342,"y":344,"w":114,"h":75},
	"rotated": false,
	"trimmed": false,
	"spriteSourceSize": {"x":0,"y":0,"w":114,"h":75},
	"sourceSize": {"w":114,"h":75}
},
{
	"filename": "shooting-right-4.png",
	"frame": {"x":228,"y":277,"w":114,"h":67},
	"rotated": false,
	"trimmed": false,
	"spriteSourceSize": {"x":0,"y":0,"w":114,"h":67},
	"sourceSize": {"w":114,"h":67}
},
{
	"filename": "shooting-right-5.png",
	"frame": {"x":342,"y":210,"w":114,"h":67},
	"rotated": false,
	"trimmed": false,
	"spriteSourceSize": {"x":0,"y":0,"w":114,"h":67},
	"sourceSize": {"w":114,"h":67}
},
{
	"filename": "shooting-right-6.png",
	"frame": {"x":114,"y":210,"w":114,"h":67},
	"rotated": false,
	"trimmed": false,
	"spriteSourceSize": {"x":0,"y":0,"w":114,"h":67},
	"sourceSize": {"w":114,"h":67}
},
{
	"filename": "shooting-right-7.png",
	"frame": {"x":0,"y":210,"w":114,"h":67},
	"rotated": false,
	"trimmed": false,
	"spriteSourceSize": {"x":0,"y":0,"w":114,"h":67},
	"sourceSize": {"w":114,"h":67}
},
{
	"filename": "sinking-left-0.png",
	"frame": {"x":0,"y":834,"w":124,"h":87},
	"rotated": false,
	"trimmed": false,
	"spriteSourceSize": {"x":0,"y":0,"w":124,"h":87},
	"sourceSize": {"w":124,"h":87}
},
{
	"filename": "sinking-left-1.png",
	"frame": {"x":0,"y":660,"w":124,"h":87},
	"rotated": false,
	"trimmed": false,
	"spriteSourceSize": {"x":0,"y":0,"w":124,"h":87},
	"sourceSize": {"w":124,"h":87}
},
{
	"filename": "sinking-left-2.png",
	"frame": {"x":124,"y":834,"w":124,"h":91},
	"rotated": false,
	"trimmed": false,
	"spriteSourceSize": {"x":0,"y":0,"w":124,"h":91},
	"sourceSize": {"w":124,"h":91}
},
{
	"filename": "sinking-left-3.png",
	"frame": {"x":372,"y":834,"w":124,"h":95},
	"rotated": false,
	"trimmed": false,
	"spriteSourceSize": {"x":0,"y":0,"w":124,"h":95},
	"sourceSize": {"w":124,"h":95}
},
{
	"filename": "sinking-left-4.png",
	"frame": {"x":248,"y":834,"w":124,"h":94},
	"rotated": false,
	"trimmed": false,
	"spriteSourceSize": {"x":0,"y":0,"w":124,"h":94},
	"sourceSize": {"w":124,"h":94}
},
{
	"filename": "sinking-left-5.png",
	"frame": {"x":332,"y":0,"w":98,"h":76},
	"rotated": false,
	"trimmed": false,
	"spriteSourceSize": {"x":0,"y":0,"w":98,"h":76},
	"sourceSize": {"w":98,"h":76}
},
{
	"filename": "sinking-left-6.png",
	"frame": {"x":136,"y":0,"w":98,"h":70},
	"rotated": false,
	"trimmed": false,
	"spriteSourceSize": {"x":0,"y":0,"w":98,"h":70},
	"sourceSize": {"w":98,"h":70}
},
{
	"filename": "sinking-left-7.png",
	"frame": {"x":0,"y":0,"w":68,"h":69},
	"rotated": false,
	"trimmed": false,
	"spriteSourceSize": {"x":0,"y":0,"w":68,"h":69},
	"sourceSize": {"w":68,"h":69}
},
{
	"filename": "sinking-right-0.png",
	"frame": {"x":364,"y":573,"w":124,"h":87},
	"rotated": false,
	"trimmed": false,
	"spriteSourceSize": {"x":0,"y":0,"w":124,"h":87},
	"sourceSize": {"w":124,"h":87}
},
{
	"filename": "sinking-right-1.png",
	"frame": {"x":124,"y":660,"w":124,"h":87},
	"rotated": false,
	"trimmed": false,
	"spriteSourceSize": {"x":0,"y":0,"w":124,"h":87},
	"sourceSize": {"w":124,"h":87}
},
{
	"filename": "sinking-right-2.png",
	"frame": {"x":128,"y":1034,"w":156,"h":133},
	"rotated": false,
	"trimmed": false,
	"spriteSourceSize": {"x":0,"y":0,"w":156,"h":133},
	"sourceSize": {"w":156,"h":133}
},
{
	"filename": "sinking-right-3.png",
	"frame": {"x":284,"y":1034,"w":156,"h":133},
	"rotated": false,
	"trimmed": false,
	"spriteSourceSize": {"x":0,"y":0,"w":156,"h":133},
	"sourceSize": {"w":156,"h":133}
},
{
	"filename": "sinking-right-4.png",
	"frame": {"x":0,"y":929,"w":116,"h":105},
	"rotated": false,
	"trimmed": false,
	"spriteSourceSize": {"x":0,"y":0,"w":116,"h":105},
	"sourceSize": {"w":116,"h":105}
},
{
	"filename": "sinking-right-5.png",
	"frame": {"x":0,"y":573,"w":116,"h":85},
	"rotated": false,
	"trimmed": false,
	"spriteSourceSize": {"x":0,"y":0,"w":116,"h":85},
	"sourceSize": {"w":116,"h":85}
},
{
	"filename": "sinking-right-6.png",
	"frame": {"x":234,"y":0,"w":98,"h":70},
	"rotated": false,
	"trimmed": false,
	"spriteSourceSize": {"x":0,"y":0,"w":98,"h":70},
	"sourceSize": {"w":98,"h":70}
},
{
	"filename": "sinking-right-7.png",
	"frame": {"x":68,"y":0,"w":68,"h":69},
	"rotated": false,
	"trimmed": false,
	"spriteSourceSize": {"x":0,"y":0,"w":68,"h":69},
	"sourceSize": {"w":68,"h":69}
}],
"meta": {
	"app": "http://www.codeandweb.com/texturepacker",
	"version": "1.0",
	"image": "pirate.png",
	"format": "RGBA8888",
	"size": {"w":500,"h":1167},
	"scale": "1",
	"smartupdate": "$TexturePacker:SmartUpdate:d27b4b932ab01d9388c7968031f12190:2d8faa0242d5ae8b9ed9b5cbc78a1b85:5e065519dc04e7a968719bbda673762e$"
}
}
