{"frames": [

{
	"filename": "sailing-left-0.png",
	"frame": {"x":0,"y":67,"w":114,"h":67},
	"rotated": false,
	"trimmed": false,
	"spriteSourceSize": {"x":0,"y":0,"w":114,"h":67},
	"sourceSize": {"w":114,"h":67}
},
{
	"filename": "sailing-left-1.png",
	"frame": {"x":0,"y":413,"w":120,"h":77},
	"rotated": false,
	"trimmed": false,
	"spriteSourceSize": {"x":0,"y":0,"w":120,"h":77},
	"sourceSize": {"w":120,"h":77}
},
{
	"filename": "sailing-left-2.png",
	"frame": {"x":124,"y":655,"w":124,"h":87},
	"rotated": false,
	"trimmed": false,
	"spriteSourceSize": {"x":0,"y":0,"w":124,"h":87},
	"sourceSize": {"w":124,"h":87}
},
{
	"filename": "sailing-left-3.png",
	"frame": {"x":357,"y":831,"w":128,"h":95},
	"rotated": false,
	"trimmed": false,
	"spriteSourceSize": {"x":0,"y":0,"w":128,"h":95},
	"sourceSize": {"w":128,"h":95}
},
{
	"filename": "sailing-left-4.png",
	"frame": {"x":339,"y":568,"w":124,"h":87},
	"rotated": false,
	"trimmed": false,
	"spriteSourceSize": {"x":0,"y":0,"w":124,"h":87},
	"sourceSize": {"w":124,"h":87}
},
{
	"filename": "sailing-left-5.png",
	"frame": {"x":360,"y":413,"w":120,"h":77},
	"rotated": false,
	"trimmed": false,
	"spriteSourceSize": {"x":0,"y":0,"w":120,"h":77},
	"sourceSize": {"w":120,"h":77}
},
{
	"filename": "sailing-left-6.png",
	"frame": {"x":228,"y":134,"w":114,"h":67},
	"rotated": false,
	"trimmed": false,
	"spriteSourceSize": {"x":0,"y":0,"w":114,"h":67},
	"sourceSize": {"w":114,"h":67}
},
{
	"filename": "sailing-left-7.png",
	"frame": {"x":240,"y":413,"w":120,"h":77},
	"rotated": false,
	"trimmed": false,
	"spriteSourceSize": {"x":0,"y":0,"w":120,"h":77},
	"sourceSize": {"w":120,"h":77}
},
{
	"filename": "sailing-left-8.png",
	"frame": {"x":248,"y":655,"w":124,"h":87},
	"rotated": false,
	"trimmed": false,
	"spriteSourceSize": {"x":0,"y":0,"w":124,"h":87},
	"sourceSize": {"w":124,"h":87}
},
{
	"filename": "sailing-left-9.png",
	"frame": {"x":229,"y":831,"w":128,"h":95},
	"rotated": false,
	"trimmed": false,
	"spriteSourceSize": {"x":0,"y":0,"w":128,"h":95},
	"sourceSize": {"w":128,"h":95}
},
{
	"filename": "sailing-left-10.png",
	"frame": {"x":0,"y":655,"w":124,"h":87},
	"rotated": false,
	"trimmed": false,
	"spriteSourceSize": {"x":0,"y":0,"w":124,"h":87},
	"sourceSize": {"w":124,"h":87}
},
{
	"filename": "sailing-left-11.png",
	"frame": {"x":120,"y":413,"w":120,"h":77},
	"rotated": false,
	"trimmed": false,
	"spriteSourceSize": {"x":0,"y":0,"w":120,"h":77},
	"sourceSize": {"w":120,"h":77}
},
{
	"filename": "sailing-right-0.png",
	"frame": {"x":230,"y":270,"w":115,"h":68},
	"rotated": false,
	"trimmed": false,
	"spriteSourceSize": {"x":0,"y":0,"w":115,"h":68},
	"sourceSize": {"w":115,"h":68}
},
{
	"filename": "sailing-right-1.png",
	"frame": {"x":363,"y":490,"w":121,"h":78},
	"rotated": false,
	"trimmed": false,
	"spriteSourceSize": {"x":0,"y":0,"w":121,"h":78},
	"sourceSize": {"w":121,"h":78}
},
{
	"filename": "sailing-right-2.png",
	"frame": {"x":0,"y":831,"w":125,"h":88},
	"rotated": false,
	"trimmed": false,
	"spriteSourceSize": {"x":0,"y":0,"w":125,"h":88},
	"sourceSize": {"w":125,"h":88}
},
{
	"filename": "sailing-right-3.png",
	"frame": {"x":128,"y":926,"w":128,"h":96},
	"rotated": false,
	"trimmed": false,
	"spriteSourceSize": {"x":0,"y":0,"w":128,"h":96},
	"sourceSize": {"w":128,"h":96}
},
{
	"filename": "sailing-right-4.png",
	"frame": {"x":372,"y":655,"w":125,"h":88},
	"rotated": false,
	"trimmed": false,
	"spriteSourceSize": {"x":0,"y":0,"w":125,"h":88},
	"sourceSize": {"w":125,"h":88}
},
{
	"filename": "sailing-right-5.png",
	"frame": {"x":0,"y":490,"w":121,"h":78},
	"rotated": false,
	"trimmed": false,
	"spriteSourceSize": {"x":0,"y":0,"w":121,"h":78},
	"sourceSize": {"w":121,"h":78}
},
{
	"filename": "sailing-right-6.png",
	"frame": {"x":115,"y":202,"w":115,"h":68},
	"rotated": false,
	"trimmed": false,
	"spriteSourceSize": {"x":0,"y":0,"w":115,"h":68},
	"sourceSize": {"w":115,"h":68}
},
{
	"filename": "sailing-right-7.png",
	"frame": {"x":242,"y":490,"w":121,"h":78},
	"rotated": false,
	"trimmed": false,
	"spriteSourceSize": {"x":0,"y":0,"w":121,"h":78},
	"sourceSize": {"w":121,"h":78}
},
{
	"filename": "sailing-right-8.png",
	"frame": {"x":252,"y":743,"w":125,"h":88},
	"rotated": false,
	"trimmed": false,
	"spriteSourceSize": {"x":0,"y":0,"w":125,"h":88},
	"sourceSize": {"w":125,"h":88}
},
{
	"filename": "sailing-right-9.png",
	"frame": {"x":0,"y":926,"w":128,"h":96},
	"rotated": false,
	"trimmed": false,
	"spriteSourceSize": {"x":0,"y":0,"w":128,"h":96},
	"sourceSize": {"w":128,"h":96}
},
{
	"filename": "sailing-right-10.png",
	"frame": {"x":127,"y":743,"w":125,"h":88},
	"rotated": false,
	"trimmed": false,
	"spriteSourceSize": {"x":0,"y":0,"w":125,"h":88},
	"sourceSize": {"w":125,"h":88}
},
{
	"filename": "sailing-right-11.png",
	"frame": {"x":121,"y":490,"w":121,"h":78},
	"rotated": false,
	"trimmed": false,
	"spriteSourceSize": {"x":0,"y":0,"w":121,"h":78},
	"sourceSize": {"w":121,"h":78}
},
{
	"filename": "shooting-left-0.png",
	"frame": {"x":0,"y":134,"w":114,"h":67},
	"rotated": false,
	"trimmed": false,
	"spriteSourceSize": {"x":0,"y":0,"w":114,"h":67},
	"sourceSize": {"w":114,"h":67}
},
{
	"filename": "shooting-left-1.png",
	"frame": {"x":342,"y":0,"w":114,"h":67},
	"rotated": false,
	"trimmed": false,
	"spriteSourceSize": {"x":0,"y":0,"w":114,"h":67},
	"sourceSize": {"w":114,"h":67}
},
{
	"filename": "shooting-left-2.png",
	"frame": {"x":228,"y":0,"w":114,"h":67},
	"rotated": false,
	"trimmed": false,
	"spriteSourceSize": {"x":0,"y":0,"w":114,"h":67},
	"sourceSize": {"w":114,"h":67}
},
{
	"filename": "shooting-left-3.png",
	"frame": {"x":343,"y":338,"w":114,"h":75},
	"rotated": false,
	"trimmed": false,
	"spriteSourceSize": {"x":0,"y":0,"w":114,"h":75},
	"sourceSize": {"w":114,"h":75}
},
{
	"filename": "shooting-left-4.png",
	"frame": {"x":114,"y":134,"w":114,"h":67},
	"rotated": false,
	"trimmed": false,
	"spriteSourceSize": {"x":0,"y":0,"w":114,"h":67},
	"sourceSize": {"w":114,"h":67}
},
{
	"filename": "shooting-left-5.png",
	"frame": {"x":114,"y":67,"w":114,"h":67},
	"rotated": false,
	"trimmed": false,
	"spriteSourceSize": {"x":0,"y":0,"w":114,"h":67},
	"sourceSize": {"w":114,"h":67}
},
{
	"filename": "shooting-left-6.png",
	"frame": {"x":228,"y":67,"w":114,"h":67},
	"rotated": false,
	"trimmed": false,
	"spriteSourceSize": {"x":0,"y":0,"w":114,"h":67},
	"sourceSize": {"w":114,"h":67}
},
{
	"filename": "shooting-left-7.png",
	"frame": {"x":342,"y":67,"w":114,"h":67},
	"rotated": false,
	"trimmed": false,
	"spriteSourceSize": {"x":0,"y":0,"w":114,"h":67},
	"sourceSize": {"w":114,"h":67}
},
{
	"filename": "shooting-right-0.png",
	"frame": {"x":230,"y":202,"w":115,"h":68},
	"rotated": false,
	"trimmed": false,
	"spriteSourceSize": {"x":0,"y":0,"w":115,"h":68},
	"sourceSize": {"w":115,"h":68}
},
{
	"filename": "shooting-right-1.png",
	"frame": {"x":115,"y":270,"w":115,"h":68},
	"rotated": false,
	"trimmed": false,
	"spriteSourceSize": {"x":0,"y":0,"w":115,"h":68},
	"sourceSize": {"w":115,"h":68}
},
{
	"filename": "shooting-right-2.png",
	"frame": {"x":345,"y":202,"w":115,"h":68},
	"rotated": false,
	"trimmed": false,
	"spriteSourceSize": {"x":0,"y":0,"w":115,"h":68},
	"sourceSize": {"w":115,"h":68}
},
{
	"filename": "shooting-right-3.png",
	"frame": {"x":228,"y":338,"w":115,"h":75},
	"rotated": false,
	"trimmed": false,
	"spriteSourceSize": {"x":0,"y":0,"w":115,"h":75},
	"sourceSize": {"w":115,"h":75}
},
{
	"filename": "shooting-right-4.png",
	"frame": {"x":0,"y":270,"w":115,"h":68},
	"rotated": false,
	"trimmed": false,
	"spriteSourceSize": {"x":0,"y":0,"w":115,"h":68},
	"sourceSize": {"w":115,"h":68}
},
{
	"filename": "shooting-right-5.png",
	"frame": {"x":342,"y":134,"w":115,"h":68},
	"rotated": false,
	"trimmed": false,
	"spriteSourceSize": {"x":0,"y":0,"w":115,"h":68},
	"sourceSize": {"w":115,"h":68}
},
{
	"filename": "shooting-right-6.png",
	"frame": {"x":0,"y":202,"w":115,"h":68},
	"rotated": false,
	"trimmed": false,
	"spriteSourceSize": {"x":0,"y":0,"w":115,"h":68},
	"sourceSize": {"w":115,"h":68}
},
{
	"filename": "shooting-right-7.png",
	"frame": {"x":345,"y":270,"w":115,"h":68},
	"rotated": false,
	"trimmed": false,
	"spriteSourceSize": {"x":0,"y":0,"w":115,"h":68},
	"sourceSize": {"w":115,"h":68}
},
{
	"filename": "sinking-left-0.png",
	"frame": {"x":215,"y":568,"w":124,"h":87},
	"rotated": false,
	"trimmed": false,
	"spriteSourceSize": {"x":0,"y":0,"w":124,"h":87},
	"sourceSize": {"w":124,"h":87}
},
{
	"filename": "sinking-left-1.png",
	"frame": {"x":357,"y":926,"w":138,"h":109},
	"rotated": false,
	"trimmed": false,
	"spriteSourceSize": {"x":0,"y":0,"w":138,"h":109},
	"sourceSize": {"w":138,"h":109}
},
{
	"filename": "sinking-left-2.png",
	"frame": {"x":141,"y":1035,"w":156,"h":133},
	"rotated": false,
	"trimmed": false,
	"spriteSourceSize": {"x":0,"y":0,"w":156,"h":133},
	"sourceSize": {"w":156,"h":133}
},
{
	"filename": "sinking-left-3.png",
	"frame": {"x":0,"y":1169,"w":178,"h":159},
	"rotated": false,
	"trimmed": false,
	"spriteSourceSize": {"x":0,"y":0,"w":178,"h":159},
	"sourceSize": {"w":178,"h":159}
},
{
	"filename": "sinking-left-4.png",
	"frame": {"x":125,"y":831,"w":104,"h":95},
	"rotated": false,
	"trimmed": false,
	"spriteSourceSize": {"x":0,"y":0,"w":104,"h":95},
	"sourceSize": {"w":104,"h":95}
},
{
	"filename": "sinking-left-5.png",
	"frame": {"x":101,"y":568,"w":114,"h":83},
	"rotated": false,
	"trimmed": false,
	"spriteSourceSize": {"x":0,"y":0,"w":114,"h":83},
	"sourceSize": {"w":114,"h":83}
},
{
	"filename": "sinking-left-6.png",
	"frame": {"x":114,"y":338,"w":114,"h":70},
	"rotated": false,
	"trimmed": false,
	"spriteSourceSize": {"x":0,"y":0,"w":114,"h":70},
	"sourceSize": {"w":114,"h":70}
},
{
	"filename": "sinking-left-7.png",
	"frame": {"x":114,"y":0,"w":114,"h":48},
	"rotated": false,
	"trimmed": false,
	"spriteSourceSize": {"x":0,"y":0,"w":114,"h":48},
	"sourceSize": {"w":114,"h":48}
},
{
	"filename": "sinking-right-0.png",
	"frame": {"x":0,"y":743,"w":127,"h":88},
	"rotated": false,
	"trimmed": false,
	"spriteSourceSize": {"x":0,"y":0,"w":127,"h":88},
	"sourceSize": {"w":127,"h":88}
},
{
	"filename": "sinking-right-1.png",
	"frame": {"x":0,"y":1035,"w":141,"h":110},
	"rotated": false,
	"trimmed": false,
	"spriteSourceSize": {"x":0,"y":0,"w":141,"h":110},
	"sourceSize": {"w":141,"h":110}
},
{
	"filename": "sinking-right-2.png",
	"frame": {"x":297,"y":1035,"w":159,"h":134},
	"rotated": false,
	"trimmed": false,
	"spriteSourceSize": {"x":0,"y":0,"w":159,"h":134},
	"sourceSize": {"w":159,"h":134}
},
{
	"filename": "sinking-right-3.png",
	"frame": {"x":178,"y":1169,"w":181,"h":160},
	"rotated": false,
	"trimmed": false,
	"spriteSourceSize": {"x":0,"y":0,"w":181,"h":160},
	"sourceSize": {"w":181,"h":160}
},
{
	"filename": "sinking-right-4.png",
	"frame": {"x":256,"y":926,"w":101,"h":100},
	"rotated": false,
	"trimmed": false,
	"spriteSourceSize": {"x":0,"y":0,"w":101,"h":100},
	"sourceSize": {"w":101,"h":100}
},
{
	"filename": "sinking-right-5.png",
	"frame": {"x":0,"y":568,"w":101,"h":79},
	"rotated": false,
	"trimmed": false,
	"spriteSourceSize": {"x":0,"y":0,"w":101,"h":79},
	"sourceSize": {"w":101,"h":79}
},
{
	"filename": "sinking-right-6.png",
	"frame": {"x":0,"y":338,"w":114,"h":70},
	"rotated": false,
	"trimmed": false,
	"spriteSourceSize": {"x":0,"y":0,"w":114,"h":70},
	"sourceSize": {"w":114,"h":70}
},
{
	"filename": "sinking-right-7.png",
	"frame": {"x":0,"y":0,"w":114,"h":48},
	"rotated": false,
	"trimmed": false,
	"spriteSourceSize": {"x":0,"y":0,"w":114,"h":48},
	"sourceSize": {"w":114,"h":48}
}],
"meta": {
	"app": "http://www.codeandweb.com/texturepacker",
	"version": "1.0",
	"image": "redEnemy.png",
	"format": "RGBA8888",
	"size": {"w":497,"h":1329},
	"scale": "1",
	"smartupdate": "$TexturePacker:SmartUpdate:ed673323c8b6de62c8cbbebbe4c1ba3e:9843c9885fc0f2d68d974050872c000d:86008d3322a7a6f3e2b751db4a472f1f$"
}
}
