{"frames": [

{
	"filename": "sailing-left-0.png",
	"frame": {"x":436,"y":0,"w":114,"h":67},
	"rotated": false,
	"trimmed": false,
	"spriteSourceSize": {"x":0,"y":0,"w":114,"h":67},
	"sourceSize": {"w":114,"h":67}
},
{
	"filename": "sailing-left-1.png",
	"frame": {"x":902,"y":135,"w":120,"h":77},
	"rotated": false,
	"trimmed": false,
	"spriteSourceSize": {"x":0,"y":0,"w":120,"h":77},
	"sourceSize": {"w":120,"h":77}
},
{
	"filename": "sailing-left-2.png",
	"frame": {"x":372,"y":295,"w":124,"h":87},
	"rotated": false,
	"trimmed": false,
	"spriteSourceSize": {"x":0,"y":0,"w":124,"h":87},
	"sourceSize": {"w":124,"h":87}
},
{
	"filename": "sailing-left-3.png",
	"frame": {"x":378,"y":383,"w":128,"h":95},
	"rotated": false,
	"trimmed": false,
	"spriteSourceSize": {"x":0,"y":0,"w":128,"h":95},
	"sourceSize": {"w":128,"h":95}
},
{
	"filename": "sailing-left-4.png",
	"frame": {"x":124,"y":295,"w":124,"h":87},
	"rotated": false,
	"trimmed": false,
	"spriteSourceSize": {"x":0,"y":0,"w":124,"h":87},
	"sourceSize": {"w":124,"h":87}
},
{
	"filename": "sailing-left-5.png",
	"frame": {"x":120,"y":212,"w":120,"h":77},
	"rotated": false,
	"trimmed": false,
	"spriteSourceSize": {"x":0,"y":0,"w":120,"h":77},
	"sourceSize": {"w":120,"h":77}
},
{
	"filename": "sailing-left-6.png",
	"frame": {"x":114,"y":67,"w":114,"h":67},
	"rotated": false,
	"trimmed": false,
	"spriteSourceSize": {"x":0,"y":0,"w":114,"h":67},
	"sourceSize": {"w":114,"h":67}
},
{
	"filename": "sailing-left-7.png",
	"frame": {"x":0,"y":212,"w":120,"h":77},
	"rotated": false,
	"trimmed": false,
	"spriteSourceSize": {"x":0,"y":0,"w":120,"h":77},
	"sourceSize": {"w":120,"h":77}
},
{
	"filename": "sailing-left-8.png",
	"frame": {"x":496,"y":295,"w":124,"h":87},
	"rotated": false,
	"trimmed": false,
	"spriteSourceSize": {"x":0,"y":0,"w":124,"h":87},
	"sourceSize": {"w":124,"h":87}
},
{
	"filename": "sailing-left-9.png",
	"frame": {"x":250,"y":383,"w":128,"h":95},
	"rotated": false,
	"trimmed": false,
	"spriteSourceSize": {"x":0,"y":0,"w":128,"h":95},
	"sourceSize": {"w":128,"h":95}
},
{
	"filename": "sailing-left-10.png",
	"frame": {"x":248,"y":295,"w":124,"h":87},
	"rotated": false,
	"trimmed": false,
	"spriteSourceSize": {"x":0,"y":0,"w":124,"h":87},
	"sourceSize": {"w":124,"h":87}
},
{
	"filename": "sailing-left-11.png",
	"frame": {"x":782,"y":135,"w":120,"h":77},
	"rotated": false,
	"trimmed": false,
	"spriteSourceSize": {"x":0,"y":0,"w":120,"h":77},
	"sourceSize": {"w":120,"h":77}
},
{
	"filename": "sailing-right-0.png",
	"frame": {"x":115,"y":135,"w":115,"h":68},
	"rotated": false,
	"trimmed": false,
	"spriteSourceSize": {"x":0,"y":0,"w":115,"h":68},
	"sourceSize": {"w":115,"h":68}
},
{
	"filename": "sailing-right-1.png",
	"frame": {"x":603,"y":212,"w":121,"h":78},
	"rotated": false,
	"trimmed": false,
	"spriteSourceSize": {"x":0,"y":0,"w":121,"h":78},
	"sourceSize": {"w":121,"h":78}
},
{
	"filename": "sailing-right-2.png",
	"frame": {"x":0,"y":383,"w":125,"h":88},
	"rotated": false,
	"trimmed": false,
	"spriteSourceSize": {"x":0,"y":0,"w":125,"h":88},
	"sourceSize": {"w":125,"h":88}
},
{
	"filename": "sailing-right-3.png",
	"frame": {"x":506,"y":383,"w":128,"h":96},
	"rotated": false,
	"trimmed": false,
	"spriteSourceSize": {"x":0,"y":0,"w":128,"h":96},
	"sourceSize": {"w":128,"h":96}
},
{
	"filename": "sailing-right-4.png",
	"frame": {"x":620,"y":295,"w":125,"h":88},
	"rotated": false,
	"trimmed": false,
	"spriteSourceSize": {"x":0,"y":0,"w":125,"h":88},
	"sourceSize": {"w":125,"h":88}
},
{
	"filename": "sailing-right-5.png",
	"frame": {"x":240,"y":212,"w":121,"h":78},
	"rotated": false,
	"trimmed": false,
	"spriteSourceSize": {"x":0,"y":0,"w":121,"h":78},
	"sourceSize": {"w":121,"h":78}
},
{
	"filename": "sailing-right-6.png",
	"frame": {"x":458,"y":67,"w":115,"h":68},
	"rotated": false,
	"trimmed": false,
	"spriteSourceSize": {"x":0,"y":0,"w":115,"h":68},
	"sourceSize": {"w":115,"h":68}
},
{
	"filename": "sailing-right-7.png",
	"frame": {"x":482,"y":212,"w":121,"h":78},
	"rotated": false,
	"trimmed": false,
	"spriteSourceSize": {"x":0,"y":0,"w":121,"h":78},
	"sourceSize": {"w":121,"h":78}
},
{
	"filename": "sailing-right-8.png",
	"frame": {"x":125,"y":383,"w":125,"h":88},
	"rotated": false,
	"trimmed": false,
	"spriteSourceSize": {"x":0,"y":0,"w":125,"h":88},
	"sourceSize": {"w":125,"h":88}
},
{
	"filename": "sailing-right-9.png",
	"frame": {"x":634,"y":383,"w":128,"h":96},
	"rotated": false,
	"trimmed": false,
	"spriteSourceSize": {"x":0,"y":0,"w":128,"h":96},
	"sourceSize": {"w":128,"h":96}
},
{
	"filename": "sailing-right-10.png",
	"frame": {"x":872,"y":295,"w":125,"h":88},
	"rotated": false,
	"trimmed": false,
	"spriteSourceSize": {"x":0,"y":0,"w":125,"h":88},
	"sourceSize": {"w":125,"h":88}
},
{
	"filename": "sailing-right-11.png",
	"frame": {"x":361,"y":212,"w":121,"h":78},
	"rotated": false,
	"trimmed": false,
	"spriteSourceSize": {"x":0,"y":0,"w":121,"h":78},
	"sourceSize": {"w":121,"h":78}
},
{
	"filename": "shooting-left-0.png",
	"frame": {"x":892,"y":0,"w":114,"h":67},
	"rotated": false,
	"trimmed": false,
	"spriteSourceSize": {"x":0,"y":0,"w":114,"h":67},
	"sourceSize": {"w":114,"h":67}
},
{
	"filename": "shooting-left-1.png",
	"frame": {"x":322,"y":0,"w":114,"h":67},
	"rotated": false,
	"trimmed": false,
	"spriteSourceSize": {"x":0,"y":0,"w":114,"h":67},
	"sourceSize": {"w":114,"h":67}
},
{
	"filename": "shooting-left-2.png",
	"frame": {"x":208,"y":0,"w":114,"h":67},
	"rotated": false,
	"trimmed": false,
	"spriteSourceSize": {"x":0,"y":0,"w":114,"h":67},
	"sourceSize": {"w":114,"h":67}
},
{
	"filename": "shooting-left-3.png",
	"frame": {"x":345,"y":135,"w":114,"h":75},
	"rotated": false,
	"trimmed": false,
	"spriteSourceSize": {"x":0,"y":0,"w":114,"h":75},
	"sourceSize": {"w":114,"h":75}
},
{
	"filename": "shooting-left-4.png",
	"frame": {"x":0,"y":67,"w":114,"h":67},
	"rotated": false,
	"trimmed": false,
	"spriteSourceSize": {"x":0,"y":0,"w":114,"h":67},
	"sourceSize": {"w":114,"h":67}
},
{
	"filename": "shooting-left-5.png",
	"frame": {"x":550,"y":0,"w":114,"h":67},
	"rotated": false,
	"trimmed": false,
	"spriteSourceSize": {"x":0,"y":0,"w":114,"h":67},
	"sourceSize": {"w":114,"h":67}
},
{
	"filename": "shooting-left-6.png",
	"frame": {"x":664,"y":0,"w":114,"h":67},
	"rotated": false,
	"trimmed": false,
	"spriteSourceSize": {"x":0,"y":0,"w":114,"h":67},
	"sourceSize": {"w":114,"h":67}
},
{
	"filename": "shooting-left-7.png",
	"frame": {"x":778,"y":0,"w":114,"h":67},
	"rotated": false,
	"trimmed": false,
	"spriteSourceSize": {"x":0,"y":0,"w":114,"h":67},
	"sourceSize": {"w":114,"h":67}
},
{
	"filename": "shooting-right-0.png",
	"frame": {"x":573,"y":67,"w":115,"h":68},
	"rotated": false,
	"trimmed": false,
	"spriteSourceSize": {"x":0,"y":0,"w":115,"h":68},
	"sourceSize": {"w":115,"h":68}
},
{
	"filename": "shooting-right-1.png",
	"frame": {"x":0,"y":135,"w":115,"h":68},
	"rotated": false,
	"trimmed": false,
	"spriteSourceSize": {"x":0,"y":0,"w":115,"h":68},
	"sourceSize": {"w":115,"h":68}
},
{
	"filename": "shooting-right-2.png",
	"frame": {"x":688,"y":67,"w":115,"h":68},
	"rotated": false,
	"trimmed": false,
	"spriteSourceSize": {"x":0,"y":0,"w":115,"h":68},
	"sourceSize": {"w":115,"h":68}
},
{
	"filename": "shooting-right-3.png",
	"frame": {"x":459,"y":135,"w":115,"h":75},
	"rotated": false,
	"trimmed": false,
	"spriteSourceSize": {"x":0,"y":0,"w":115,"h":75},
	"sourceSize": {"w":115,"h":75}
},
{
	"filename": "shooting-right-4.png",
	"frame": {"x":803,"y":67,"w":115,"h":68},
	"rotated": false,
	"trimmed": false,
	"spriteSourceSize": {"x":0,"y":0,"w":115,"h":68},
	"sourceSize": {"w":115,"h":68}
},
{
	"filename": "shooting-right-5.png",
	"frame": {"x":228,"y":67,"w":115,"h":68},
	"rotated": false,
	"trimmed": false,
	"spriteSourceSize": {"x":0,"y":0,"w":115,"h":68},
	"sourceSize": {"w":115,"h":68}
},
{
	"filename": "shooting-right-6.png",
	"frame": {"x":343,"y":67,"w":115,"h":68},
	"rotated": false,
	"trimmed": false,
	"spriteSourceSize": {"x":0,"y":0,"w":115,"h":68},
	"sourceSize": {"w":115,"h":68}
},
{
	"filename": "shooting-right-7.png",
	"frame": {"x":230,"y":135,"w":115,"h":68},
	"rotated": false,
	"trimmed": false,
	"spriteSourceSize": {"x":0,"y":0,"w":115,"h":68},
	"sourceSize": {"w":115,"h":68}
},
{
	"filename": "sinking-left-0.png",
	"frame": {"x":0,"y":295,"w":124,"h":87},
	"rotated": false,
	"trimmed": false,
	"spriteSourceSize": {"x":0,"y":0,"w":124,"h":87},
	"sourceSize": {"w":124,"h":87}
},
{
	"filename": "sinking-left-1.png",
	"frame": {"x":0,"y":485,"w":138,"h":109},
	"rotated": false,
	"trimmed": false,
	"spriteSourceSize": {"x":0,"y":0,"w":138,"h":109},
	"sourceSize": {"w":138,"h":109}
},
{
	"filename": "sinking-left-2.png",
	"frame": {"x":279,"y":485,"w":156,"h":133},
	"rotated": false,
	"trimmed": false,
	"spriteSourceSize": {"x":0,"y":0,"w":156,"h":133},
	"sourceSize": {"w":156,"h":133}
},
{
	"filename": "sinking-left-3.png",
	"frame": {"x":594,"y":485,"w":178,"h":159},
	"rotated": false,
	"trimmed": false,
	"spriteSourceSize": {"x":0,"y":0,"w":178,"h":159},
	"sourceSize": {"w":178,"h":159}
},
{
	"filename": "sinking-left-4.png",
	"frame": {"x":869,"y":383,"w":104,"h":102},
	"rotated": false,
	"trimmed": false,
	"spriteSourceSize": {"x":0,"y":0,"w":104,"h":102},
	"sourceSize": {"w":104,"h":102}
},
{
	"filename": "sinking-left-5.png",
	"frame": {"x":815,"y":212,"w":104,"h":83},
	"rotated": false,
	"trimmed": false,
	"spriteSourceSize": {"x":0,"y":0,"w":104,"h":83},
	"sourceSize": {"w":104,"h":83}
},
{
	"filename": "sinking-left-6.png",
	"frame": {"x":678,"y":135,"w":104,"h":76},
	"rotated": false,
	"trimmed": false,
	"spriteSourceSize": {"x":0,"y":0,"w":104,"h":76},
	"sourceSize": {"w":104,"h":76}
},
{
	"filename": "sinking-left-7.png",
	"frame": {"x":104,"y":0,"w":104,"h":49},
	"rotated": false,
	"trimmed": false,
	"spriteSourceSize": {"x":0,"y":0,"w":104,"h":49},
	"sourceSize": {"w":104,"h":49}
},
{
	"filename": "sinking-right-0.png",
	"frame": {"x":745,"y":295,"w":127,"h":88},
	"rotated": false,
	"trimmed": false,
	"spriteSourceSize": {"x":0,"y":0,"w":127,"h":88},
	"sourceSize": {"w":127,"h":88}
},
{
	"filename": "sinking-right-1.png",
	"frame": {"x":138,"y":485,"w":141,"h":110},
	"rotated": false,
	"trimmed": false,
	"spriteSourceSize": {"x":0,"y":0,"w":141,"h":110},
	"sourceSize": {"w":141,"h":110}
},
{
	"filename": "sinking-right-2.png",
	"frame": {"x":435,"y":485,"w":159,"h":134},
	"rotated": false,
	"trimmed": false,
	"spriteSourceSize": {"x":0,"y":0,"w":159,"h":134},
	"sourceSize": {"w":159,"h":134}
},
{
	"filename": "sinking-right-3.png",
	"frame": {"x":772,"y":485,"w":181,"h":160},
	"rotated": false,
	"trimmed": false,
	"spriteSourceSize": {"x":0,"y":0,"w":181,"h":160},
	"sourceSize": {"w":181,"h":160}
},
{
	"filename": "sinking-right-4.png",
	"frame": {"x":762,"y":383,"w":107,"h":99},
	"rotated": false,
	"trimmed": false,
	"spriteSourceSize": {"x":0,"y":0,"w":107,"h":99},
	"sourceSize": {"w":107,"h":99}
},
{
	"filename": "sinking-right-5.png",
	"frame": {"x":724,"y":212,"w":91,"h":82},
	"rotated": false,
	"trimmed": false,
	"spriteSourceSize": {"x":0,"y":0,"w":91,"h":82},
	"sourceSize": {"w":91,"h":82}
},
{
	"filename": "sinking-right-6.png",
	"frame": {"x":574,"y":135,"w":104,"h":76},
	"rotated": false,
	"trimmed": false,
	"spriteSourceSize": {"x":0,"y":0,"w":104,"h":76},
	"sourceSize": {"w":104,"h":76}
},
{
	"filename": "sinking-right-7.png",
	"frame": {"x":0,"y":0,"w":104,"h":49},
	"rotated": false,
	"trimmed": false,
	"spriteSourceSize": {"x":0,"y":0,"w":104,"h":49},
	"sourceSize": {"w":104,"h":49}
}],
"meta": {
	"app": "http://www.codeandweb.com/texturepacker",
	"version": "1.0",
	"image": "whiteEnemy.png",
	"format": "RGBA8888",
	"size": {"w":1022,"h":645},
	"scale": "1",
	"smartupdate": "$TexturePacker:SmartUpdate:bbbca4a137f66a1b2612e2fcd6115e01:347dbc5d771957ae63bd24dbb994a5ab:49ba921bcb52616a91016430b814780d$"
}
}
